<annotation>
	<folder>images</folder>
	<filename>image (15).jpg</filename>
	<path>C:\Users\дом1\Desktop\image_resize\images\image (15).jpg</path>
	<source>
		<database>Unknown</database>
	</source>
	<size>
		<width>300</width>
		<height>199</height>
		<depth>3</depth>
	</size>
	<segmented>0</segmented>
	<object>
		<name>Rusvelo</name>
		<pose>Unspecified</pose>
		<truncated>1</truncated>
		<difficult>0</difficult>
		<bndbox>
			<xmin>97</xmin>
			<ymin>30</ymin>
			<xmax>200</xmax>
			<ymax>199</ymax>
		</bndbox>
	</object>
</annotation>
