<annotation>
	<folder>images</folder>
	<filename>image (17).jpg</filename>
	<path>C:\Users\дом1\Desktop\image_resize\images\image (17).jpg</path>
	<source>
		<database>Unknown</database>
	</source>
	<size>
		<width>300</width>
		<height>150</height>
		<depth>3</depth>
	</size>
	<segmented>0</segmented>
	<object>
		<name>Rusvelo</name>
		<pose>Unspecified</pose>
		<truncated>1</truncated>
		<difficult>0</difficult>
		<bndbox>
			<xmin>107</xmin>
			<ymin>1</ymin>
			<xmax>230</xmax>
			<ymax>149</ymax>
		</bndbox>
	</object>
</annotation>
