<annotation>
	<folder>images</folder>
	<filename>image (27).jpg</filename>
	<path>C:\Users\дом1\Desktop\image_resize\images\image (27).jpg</path>
	<source>
		<database>Unknown</database>
	</source>
	<size>
		<width>300</width>
		<height>199</height>
		<depth>3</depth>
	</size>
	<segmented>0</segmented>
	<object>
		<name>Rusvelo</name>
		<pose>Unspecified</pose>
		<truncated>0</truncated>
		<difficult>0</difficult>
		<bndbox>
			<xmin>112</xmin>
			<ymin>10</ymin>
			<xmax>189</xmax>
			<ymax>159</ymax>
		</bndbox>
	</object>
	<object>
		<name>Rusvelo</name>
		<pose>Unspecified</pose>
		<truncated>0</truncated>
		<difficult>0</difficult>
		<bndbox>
			<xmin>233</xmin>
			<ymin>30</ymin>
			<xmax>283</xmax>
			<ymax>151</ymax>
		</bndbox>
	</object>
</annotation>
