<annotation>
	<folder>images</folder>
	<filename>image (25).jpg</filename>
	<path>C:\Users\дом1\Desktop\image_resize\images\image (25).jpg</path>
	<source>
		<database>Unknown</database>
	</source>
	<size>
		<width>300</width>
		<height>192</height>
		<depth>3</depth>
	</size>
	<segmented>0</segmented>
	<object>
		<name>Rusvelo</name>
		<pose>Unspecified</pose>
		<truncated>0</truncated>
		<difficult>0</difficult>
		<bndbox>
			<xmin>74</xmin>
			<ymin>58</ymin>
			<xmax>153</xmax>
			<ymax>175</ymax>
		</bndbox>
	</object>
	<object>
		<name>Rusvelo</name>
		<pose>Unspecified</pose>
		<truncated>0</truncated>
		<difficult>0</difficult>
		<bndbox>
			<xmin>157</xmin>
			<ymin>78</ymin>
			<xmax>226</xmax>
			<ymax>182</ymax>
		</bndbox>
	</object>
</annotation>
