<annotation>
	<folder>images</folder>
	<filename>image (23).jpg</filename>
	<path>C:\Users\дом1\Desktop\image_resize\images\image (23).jpg</path>
	<source>
		<database>Unknown</database>
	</source>
	<size>
		<width>300</width>
		<height>200</height>
		<depth>3</depth>
	</size>
	<segmented>0</segmented>
	<object>
		<name>Rusvelo</name>
		<pose>Unspecified</pose>
		<truncated>0</truncated>
		<difficult>0</difficult>
		<bndbox>
			<xmin>155</xmin>
			<ymin>7</ymin>
			<xmax>290</xmax>
			<ymax>191</ymax>
		</bndbox>
	</object>
</annotation>
