<annotation>
	<folder>images</folder>
	<filename>image (2).jpg</filename>
	<path>C:\Users\дом1\Desktop\image_resize\images\image (2).jpg</path>
	<source>
		<database>Unknown</database>
	</source>
	<size>
		<width>300</width>
		<height>197</height>
		<depth>3</depth>
	</size>
	<segmented>0</segmented>
	<object>
		<name>Rusvelo</name>
		<pose>Unspecified</pose>
		<truncated>0</truncated>
		<difficult>0</difficult>
		<bndbox>
			<xmin>106</xmin>
			<ymin>125</ymin>
			<xmax>125</xmax>
			<ymax>154</ymax>
		</bndbox>
	</object>
	<object>
		<name>Rusvelo</name>
		<pose>Unspecified</pose>
		<truncated>0</truncated>
		<difficult>0</difficult>
		<bndbox>
			<xmin>226</xmin>
			<ymin>123</ymin>
			<xmax>249</xmax>
			<ymax>154</ymax>
		</bndbox>
	</object>
	<object>
		<name>Rusvelo</name>
		<pose>Unspecified</pose>
		<truncated>0</truncated>
		<difficult>0</difficult>
		<bndbox>
			<xmin>79</xmin>
			<ymin>129</ymin>
			<xmax>106</xmax>
			<ymax>165</ymax>
		</bndbox>
	</object>
</annotation>
