<annotation>
	<folder>images</folder>
	<filename>image (19).jpg</filename>
	<path>C:\Users\дом1\Desktop\image_resize\images\image (19).jpg</path>
	<source>
		<database>Unknown</database>
	</source>
	<size>
		<width>300</width>
		<height>208</height>
		<depth>3</depth>
	</size>
	<segmented>0</segmented>
	<object>
		<name>Rusvelo</name>
		<pose>Unspecified</pose>
		<truncated>0</truncated>
		<difficult>0</difficult>
		<bndbox>
			<xmin>175</xmin>
			<ymin>22</ymin>
			<xmax>272</xmax>
			<ymax>204</ymax>
		</bndbox>
	</object>
	<object>
		<name>Rusvelo</name>
		<pose>Unspecified</pose>
		<truncated>0</truncated>
		<difficult>0</difficult>
		<bndbox>
			<xmin>62</xmin>
			<ymin>20</ymin>
			<xmax>129</xmax>
			<ymax>162</ymax>
		</bndbox>
	</object>
</annotation>
