<annotation>
	<folder>images</folder>
	<filename>image (4).jpg</filename>
	<path>C:\Users\дом1\Desktop\image_resize\images\image (4).jpg</path>
	<source>
		<database>Unknown</database>
	</source>
	<size>
		<width>300</width>
		<height>199</height>
		<depth>3</depth>
	</size>
	<segmented>0</segmented>
	<object>
		<name>Rusvelo</name>
		<pose>Unspecified</pose>
		<truncated>1</truncated>
		<difficult>0</difficult>
		<bndbox>
			<xmin>34</xmin>
			<ymin>16</ymin>
			<xmax>172</xmax>
			<ymax>199</ymax>
		</bndbox>
	</object>
	<object>
		<name>Rusvelo</name>
		<pose>Unspecified</pose>
		<truncated>0</truncated>
		<difficult>0</difficult>
		<bndbox>
			<xmin>191</xmin>
			<ymin>75</ymin>
			<xmax>279</xmax>
			<ymax>197</ymax>
		</bndbox>
	</object>
</annotation>
