<annotation>
	<folder>images</folder>
	<filename>image (26).jpg</filename>
	<path>C:\Users\дом1\Desktop\image_resize\images\image (26).jpg</path>
	<source>
		<database>Unknown</database>
	</source>
	<size>
		<width>300</width>
		<height>199</height>
		<depth>3</depth>
	</size>
	<segmented>0</segmented>
	<object>
		<name>Rusvelo</name>
		<pose>Unspecified</pose>
		<truncated>0</truncated>
		<difficult>0</difficult>
		<bndbox>
			<xmin>160</xmin>
			<ymin>82</ymin>
			<xmax>215</xmax>
			<ymax>167</ymax>
		</bndbox>
	</object>
	<object>
		<name>Rusvelo</name>
		<pose>Unspecified</pose>
		<truncated>0</truncated>
		<difficult>0</difficult>
		<bndbox>
			<xmin>179</xmin>
			<ymin>65</ymin>
			<xmax>205</xmax>
			<ymax>96</ymax>
		</bndbox>
	</object>
	<object>
		<name>Rusvelo</name>
		<pose>Unspecified</pose>
		<truncated>0</truncated>
		<difficult>0</difficult>
		<bndbox>
			<xmin>201</xmin>
			<ymin>82</ymin>
			<xmax>238</xmax>
			<ymax>153</ymax>
		</bndbox>
	</object>
	<object>
		<name>Rusvelo</name>
		<pose>Unspecified</pose>
		<truncated>0</truncated>
		<difficult>0</difficult>
		<bndbox>
			<xmin>138</xmin>
			<ymin>68</ymin>
			<xmax>156</xmax>
			<ymax>128</ymax>
		</bndbox>
	</object>
	<object>
		<name>Rusvelo</name>
		<pose>Unspecified</pose>
		<truncated>0</truncated>
		<difficult>0</difficult>
		<bndbox>
			<xmin>74</xmin>
			<ymin>67</ymin>
			<xmax>87</xmax>
			<ymax>110</ymax>
		</bndbox>
	</object>
	<object>
		<name>Rusvelo</name>
		<pose>Unspecified</pose>
		<truncated>0</truncated>
		<difficult>0</difficult>
		<bndbox>
			<xmin>84</xmin>
			<ymin>69</ymin>
			<xmax>94</xmax>
			<ymax>116</ymax>
		</bndbox>
	</object>
</annotation>
