<annotation>
	<folder>images</folder>
	<filename>image (3).jpg</filename>
	<path>C:\Users\дом1\Desktop\image_resize\images\image (3).jpg</path>
	<source>
		<database>Unknown</database>
	</source>
	<size>
		<width>300</width>
		<height>200</height>
		<depth>3</depth>
	</size>
	<segmented>0</segmented>
	<object>
		<name>Rusvelo</name>
		<pose>Unspecified</pose>
		<truncated>0</truncated>
		<difficult>0</difficult>
		<bndbox>
			<xmin>178</xmin>
			<ymin>20</ymin>
			<xmax>285</xmax>
			<ymax>168</ymax>
		</bndbox>
	</object>
</annotation>
