<annotation>
	<folder>images</folder>
	<filename>image (24).jpg</filename>
	<path>C:\Users\дом1\Desktop\image_resize\images\image (24).jpg</path>
	<source>
		<database>Unknown</database>
	</source>
	<size>
		<width>300</width>
		<height>199</height>
		<depth>3</depth>
	</size>
	<segmented>0</segmented>
	<object>
		<name>Rusvelo</name>
		<pose>Unspecified</pose>
		<truncated>0</truncated>
		<difficult>0</difficult>
		<bndbox>
			<xmin>93</xmin>
			<ymin>5</ymin>
			<xmax>212</xmax>
			<ymax>189</ymax>
		</bndbox>
	</object>
</annotation>
